NOME,CPF,TELEFONE,CEP,NUMERO
Mark Allen,041.736.859-39,(85) 06198-4573,38674-210,6271
Amy Mcdonald,462.910.357-07,(20) 89723-6014,76058-214,3168
Angela Walker,061.485.973-57,(13) 56897-3420,76194-385,8923
Sydney Sanders,320.715.649-52,(40) 38170-2459,93547-281,9342
Tammy Morris,490.213.856-51,(89) 80597-1432,13746-592,195
Adam Rivas,672.410.385-17,(20) 35216-7408,53821-467,4081
Brian Dalton,642.751.809-76,(96) 57310-4692,71695-380,954
Mariah Mills,903.281.674-87,(88) 61503-7894,38419-257,158
Patrick Rubio,263.891.507-68,(75) 04183-2597,71560-824,862
Timothy Peterson,460.928.735-83,(51) 68409-3152,01569-284,604
Martin Clements,493.726.581-46,(43) 20671-8394,57690-314,315
Dr. Cheryl Ward,732.651.498-46,(25) 84716-9035,05397-826,386
Sheila Ibarra,715.698.304-01,(27) 46351-2780,45067-298,359
Andrea Barnes,974.685.021-02,(68) 98412-3065,14589-603,4179
Kari Sullivan,608.753.214-53,(71) 28617-4530,56127-349,1546
Frank Pope,610.475.283-71,(83) 93608-7142,32954-106,682
Ashley Church,105.376.429-43,(99) 72140-8635,40678-132,405
Mark Parker,534.816.290-60,(62) 59412-6307,86290-513,319
Michael Hart,351.780.629-30,(95) 47381-6250,48921-507,6475
Zachary Oliver,314.587.206-08,(33) 94257-8063,09726-831,8345
Erin Chapman,061.273.495-16,(67) 07514-2368,93486-015,9504
Kathleen Dickerson,340.581.976-84,(36) 01457-3968,08273-514,15
Anne Lopez,206.314.975-52,(32) 41365-8027,39201-658,760
Nathan Castro,401.283.976-40,(85) 17894-3520,07923-158,396
Donald Floyd,721.359.684-55,(40) 05398-2741,84503-762,8510
Kimberly Webb,948.210.763-22,(45) 74093-2185,59862-314,5406
Sergio Perez,541.968.073-48,(54) 65781-2930,27583-690,4607
Gabriel Lewis,651.972.304-52,(75) 19237-4058,06935-817,207
Laura Vaughan,136.789.420-40,(80) 79206-1835,69532-184,1024
Leslie Graham,053.482.691-15,(96) 35809-2741,52368-471,094
Timothy Rose,840.516.372-71,(27) 96308-2754,20361-945,397
Jenna Nichols,213.479.568-91,(81) 14926-3870,61092-457,248
Mike Jackson,706.419.523-25,(96) 71860-3592,78139-240,378
Nathan Beltran,436.218.570-44,(57) 81764-3259,41378-509,213
Andrea Miller,934.725.816-46,(54) 32685-4017,61297-540,261
David Mitchell,471.065.983-48,(27) 39165-8407,28709-361,7568
Jeffrey Castaneda,695.874.210-94,(92) 28136-9045,59320-614,439
Bruce Trevino,793.186.045-48,(29) 86905-3172,35641-890,285
Matthew Johnson,413.052.869-60,(16) 16573-8290,70632-915,5816
Jason Miller,459.836.071-20,(80) 04593-1286,46931-580,7942
Jon Brown,025.876.194-67,(94) 37062-5498,61820-574,069
Amber Walsh,093.564.178-57,(20) 13420-8975,62173-508,057
Miguel Howell,051.647.239-99,(55) 83257-0491,78132-540,6785
Samantha Strong,637.158.492-82,(33) 47952-8061,69820-754,9136
Taylor Robertson,504.928.731-60,(40) 29507-8613,47159-806,6934
Michael Goodman,125.769.034-52,(66) 94127-5803,81759-263,1489
James Knight,250.613.948-60,(78) 79163-0428,67248-905,6843
Jennifer Cruz,302.759.614-43,(26) 71260-9354,50129-487,034
Desiree Russell MD,498.561.023-24,(14) 04326-1785,23679-845,5437
Joanna Willis,861.470.529-85,(85) 79381-4602,78619-543,087
Jennifer Olson,632.785.901-12,(45) 01957-6348,41957-230,0826
Donna Delacruz,382.409.156-98,(70) 03849-2617,20986-415,790
Cristina Weiss,975.642.083-92,(18) 81697-2543,27304-968,3407
Amanda Henry,392.016.758-95,(70) 45370-1829,87532-914,0478
Matthew Roberts,278.046.531-07,(28) 01487-3269,86947-305,35
Angela Green,643.891.207-78,(63) 92340-6158,53729-816,5349
John Pena,296.841.305-89,(32) 47265-3098,61039-572,724
Michele Martin,679.348.125-82,(70) 26935-4807,69382-450,741
Tracey Ward,965.301.782-95,(93) 95468-3107,83495-102,7964
Shawn Moore,508.932.671-12,(76) 89320-6415,50834-716,3198
Billy Hanson,379.028.465-38,(47) 16830-2547,43910-782,578
Dean Orozco,438.976.152-82,(89) 19763-5042,63015-497,9736
Natasha Pierce,319.067.842-13,(30) 53274-1680,70328-964,5347
Joseph Archer,678.124.093-50,(59) 71082-5346,83917-402,5309
Michelle Watts DDS,518.360.794-00,(33) 70346-2895,83974-562,9720
Darlene Adams,210.869.534-60,(39) 05218-7439,94835-270,365
Andrew Reyes,263.794.085-92,(83) 41983-2065,36082-591,804
Cesar Barrett,052.634.897-65,(35) 13274-8650,30481-679,90
Andrew Benson,381.490.276-96,(68) 50734-8192,95286-137,762
Christopher Pena,634.510.297-07,(29) 08635-1972,60139-287,3954
Daniel Lloyd,460.815.237-80,(95) 13280-9546,05472-318,534
David Green,179.306.528-40,(16) 03194-7526,23819-076,9507
James Gonzales,152.970.634-34,(99) 96735-1802,12058-394,834
Angela Gonzales,613.948.507-00,(13) 93470-2618,42706-531,102
Darryl Ballard,847.326.950-00,(69) 34729-8561,58092-634,28
Jacob Shepard,954.168.327-46,(78) 50269-1387,18357-620,1524
Gregory Taylor,382.615.907-12,(67) 95064-3781,39625-804,695
Nicholas Lopez,615.940.287-02,(93) 54271-8093,04971-835,4028
Kelly Schaefer,958.710.624-58,(17) 15834-6729,60594-281,1089
Mr. David Harris,745.219.863-82,(22) 68041-7529,86173-052,4315
William Thomas,375.609.148-10,(67) 74028-6593,73508-124,0172
Rebecca Mcdowell,083.472.165-17,(94) 04983-1657,72351-980,328
Teresa Garcia,958.716.203-02,(93) 60329-7158,89270-351,9834
Jason Fuller,934.680.715-66,(69) 64375-0819,35729-108,205
Theresa Sanchez,351.926.740-34,(15) 36952-1784,89432-761,438
Christine Walker,783.529.416-82,(70) 58734-2619,28467-305,357
Kyle Boone,965.480.731-93,(92) 01753-2468,56401-893,237
Steven Sanford,178.645.923-09,(68) 69783-0425,56319-240,3480
Cassidy Simpson,106.275.439-52,(88) 84560-9723,31085-762,364
Lauren Berry,318.065.249-70,(90) 34780-9526,74569-021,5280
Heather Robles,305.279.164-80,(84) 61403-2579,07249-361,68
Sonya Powell,439.680.251-05,(45) 24967-1308,69532-107,817
Megan Allen,510.783.946-01,(18) 14726-9853,03946-825,9304
Tiffany Dominguez,071.426.389-31,(84) 38409-6521,74621-039,0158
Jonathan Mendez,738.905.416-66,(37) 86421-9705,42851-097,145
Mark Martin,451.793.026-25,(85) 12469-3705,64830-259,0378
Miss Kimberly Cummings,750.698.132-77,(63) 53617-2984,87965-321,5710
Jeffrey Kelly,514.087.692-20,(54) 41286-9357,73591-624,893
Maurice Brown,874.531.960-00,(79) 25709-3146,21850-673,5172
Ruth Hernandez,695.218.374-46,(40) 37489-5026,25763-840,906
Courtney Jackson,139.874.256-28,(33) 92436-1087,15724-603,937
Brittney Farrell,592.381.764-00,(58) 74126-5098,59382-614,78
Jason Mitchell,386.271.490-03,(87) 07946-2158,68704-391,4268
Jacob Thomas,169.842.735-28,(13) 07861-9432,90512-874,849
Wendy Wells,134.960.572-70,(93) 08369-5421,98371-504,841
Heather Holden,462.315.078-07,(38) 84735-2106,09276-351,502
Michael Rogers,235.671.489-82,(99) 97231-4065,23409-576,2173
Bradley Miller,175.642.093-99,(86) 94675-0218,73052-419,48
Deanna Briggs,597.623.041-52,(49) 09638-4715,93410-286,784
Misty Mendoza,481.056.397-93,(59) 28705-6143,91735-864,3045
Todd Valenzuela,347.158.926-00,(49) 27368-4901,41560-923,708
Hannah Cabrera,417.390.526-25,(91) 57063-8249,08734-261,056
Carlos Warner,587.910.346-39,(29) 51706-3829,82467-509,018
Alexis Johnson,453.962.801-15,(62) 70426-9183,40728-631,6134
Kevin Howard,730.418.629-13,(67) 17906-5238,82507-369,271
Krista Shelton,715.649.382-55,(59) 41802-5976,14568-097,2068
Dennis Taylor,350.291.786-86,(74) 79208-4351,25817-069,702
Gary Saunders,984.617.325-37,(97) 35168-0794,46309-285,091
Kenneth Hart,781.309.526-02,(99) 48027-1635,32986-704,4387
Maria Cummings,349.602.178-04,(61) 84236-7190,98362-514,7064
April Owens,549.638.102-98,(74) 71643-2809,51630-982,8612
Teresa Park,069.374.128-78,(66) 91573-4682,36579-804,476
Thomas Briggs,206.978.543-29,(56) 78945-3160,32695-810,098
Haley Perry,829.164.703-87,(22) 09853-1647,10873-694,584
Ryan Calderon,685.417.903-39,(97) 15427-9683,12437-805,6375
Kimberly Mathis,945.163.027-99,(43) 71954-8203,19473-028,8712
Patrick Clarke,781.625.043-62,(99) 04751-9286,47695-281,468
Bobby Powell,328.947.061-03,(72) 90546-8123,34526-108,924
Thomas Miles,742.851.690-02,(38) 07612-5439,86792-431,7210
Hector Lee,490.675.823-10,(68) 57293-8064,78563-902,0145
Elizabeth Davidson,820.179.463-03,(63) 86109-7235,65943-012,572
Beth Terry,856.279.041-94,(80) 06218-4395,83012-457,64
Benjamin Friedman,384.516.729-73,(32) 17569-0842,16327-049,294
Jenna Manning,319.587.064-93,(46) 43859-0167,10726-849,4021
Christopher Hammond,870.319.562-77,(66) 53129-0864,10432-975,2180
Jesse Hicks,013.956.278-86,(42) 49531-2706,96180-352,4379
Joy Brown,128.376.459-82,(46) 86512-4970,25417-396,865
Devin Beard,754.386.012-08,(41) 85720-4961,73620-945,031
Anita Acosta,401.629.875-01,(58) 70236-4985,95842-173,2045
Mrs. Rachel Williams DVM,384.079.621-04,(15) 20574-1983,60573-189,042
Yolanda Baker,542.018.739-60,(45) 28469-0371,74913-825,698
Erika Burton,123.746.059-06,(40) 68179-5234,41735-096,3569
Kathleen Nguyen,563.480.917-75,(19) 28510-9347,49815-706,3429
Ann Carter,274.861.309-04,(65) 62814-9703,57412-908,308
Melissa Miranda,908.763.452-83,(64) 21960-4357,68521-039,83
Gary Williams,108.753.946-39,(44) 86452-0197,48153-906,024
Sierra Walsh,621.893.705-40,(88) 83294-6701,24976-013,0175
Latoya Bell,693.458.207-10,(23) 21397-5604,09623-475,6930
Raymond Evans,970.632.458-56,(11) 56932-1408,65048-231,791
Matthew Gibbs,286.794.503-83,(37) 31405-6729,74956-310,305
Christopher Huang Jr.,526.130.849-60,(37) 63051-7248,70519-682,918
Eric Fuentes,384.760.529-10,(77) 30861-2957,62914-735,096
Autumn Larson,405.613.829-05,(95) 35748-9260,40269-873,957
Suzanne Riddle,862.514.073-44,(97) 09635-8271,60891-325,7638
Gregory Mcdonald,145.386.729-55,(91) 17682-0539,47963-218,69
Wyatt Schneider,176.832.504-90,(93) 60385-4197,32078-451,879
Bryan Buck,065.194.378-75,(50) 79435-8210,59386-740,639
Erin Matthews,857.164.290-76,(92) 60951-3842,07156-839,7214
Kenneth Jackson,852.396.410-05,(57) 90527-1438,20857-643,7561
Nicholas Johnson,290.648.715-58,(46) 36498-0527,08126-354,053
Rachel Lewis,650.731.284-35,(77) 12680-5347,63495-278,2980
Kimberly Lewis,657.203.819-02,(86) 57092-8641,01632-548,7401
Connor Dennis,684.072.915-01,(61) 12947-6580,13902-567,8643
Michelle Harper,679.152.408-11,(63) 81504-6729,91047-253,1574
Ashley Johnson,462.907.518-67,(44) 38917-5406,62385-794,5428
Christopher Davis,017.895.462-49,(61) 93521-7608,30917-284,29
Michael Ward,649.380.571-66,(26) 03172-8695,65291-083,8427
Erin Nguyen,320.614.975-43,(81) 40782-1695,37192-485,5302
Amanda Williams,597.310.682-95,(87) 61349-7082,40913-675,756
Christine Duran,523.197.480-32,(16) 79164-2538,21048-376,179
David Wright,619.035.827-68,(59) 60479-5283,54781-206,529
Michelle Vazquez,670.851.943-75,(12) 38462-7915,80152-493,2831
Anthony Warner,648.193.205-05,(72) 76034-9851,24905-718,5701
Alex Franco,795.023.186-68,(39) 51907-4362,54829-017,482
Brooke Mack,267.935.480-00,(43) 31674-0589,86372-401,254
Stacy Williamson,093.485.127-14,(62) 36457-0182,95608-143,3894
Jillian Hayden,768.253.190-86,(73) 59802-3641,25784-963,4596
Alexis Perez,927.831.564-82,(84) 62715-0938,18230-976,6538
Amy Foley,639.210.745-25,(14) 38965-0142,86074-521,0765
Jonathan Miller,807.693.452-47,(51) 81529-3704,72198-465,8450
Jared White,895.706.123-12,(99) 52861-3790,96845-713,645
David Hahn,247.836.951-64,(86) 39421-5067,20569-437,0684
Travis Kramer,456.912.308-24,(15) 52106-3498,91745-328,3617
Nancy Zimmerman,801.376.254-80,(55) 38976-5240,27638-149,230
Denise Jimenez,973.640.215-07,(74) 86901-4752,97816-540,014
Matthew Valdez,581.479.602-20,(33) 82451-9603,15324-698,873
Leroy Lewis,648.231.759-64,(77) 60174-2359,47291-568,0946
Amanda Bell,091.253.647-07,(53) 81457-0329,30475-286,9564
Adam Goodman,517.829.630-30,(61) 59876-1302,96354-820,7163
Michael Johnson,381.965.427-55,(88) 98016-2457,50638-279,98
Rebecca Burns,260.839.147-87,(52) 17520-3894,95762-348,450
Heather Beck,926.348.071-04,(28) 03567-1298,37498-615,279
Aaron White,907.826.514-02,(66) 12975-8630,82570-361,5840
Paula Bird,052.974.836-38,(82) 96874-0231,13746-802,297
John Miller,236.781.490-22,(93) 84673-2195,12560-934,1094
Daniel Holmes,239.075.618-21,(85) 90431-6572,76583-192,7826
Gregory Miller,867.413.925-64,(22) 03789-1456,80261-345,8941
Tamara Russell,436.029.587-10,(67) 78062-5913,86321-407,1082
Andrew Holloway,503.276.189-30,(79) 27698-4035,89432-607,691
Rhonda Torres,730.582.964-10,(77) 42906-5718,81749-023,8053
Karen Mccall,543.912.870-05,(35) 61052-8497,67984-531,37
Lisa Thompson,819.345.672-64,(90) 62154-7983,46207-985,9634
William Campbell,385.912.674-19,(71) 01245-7938,02548-139,92
Mike Camacho,937.681.245-09,(48) 41830-6297,46982-051,6359
Andrew Carey,461.789.052-11,(53) 60451-9837,45097-183,751
Anthony Short,823.514.907-97,(13) 60149-2853,39156-027,167
Christopher Phillips,691.528.370-68,(59) 97026-8135,83472-609,5702
Robert Roth,524.763.109-99,(67) 14769-3085,65032-198,1589
Sarah Martinez,069.341.257-70,(84) 94573-0861,08941-725,3819
Alexis Gould,095.137.246-70,(77) 48619-3705,68502-479,456
Shannon Osborn,427.138.569-73,(27) 03728-5964,30271-948,3580
Lauren Hernandez DVM,318.726.594-46,(24) 47306-1829,79036-814,21
Sarah Hopkins,215.430.768-07,(76) 25498-6307,74530-986,4968
Jeffrey Reynolds,140.935.276-52,(28) 61209-8437,81490-635,506
Alexis Moore,609.435.728-00,(62) 49601-2783,08695-437,49
Alex Patterson,179.648.052-58,(33) 76453-8192,80927-314,5210
Billy Dixon,930.648.752-56,(18) 37902-6581,46018-523,1903
Sherry Cole,560.173.924-25,(77) 50481-2679,38216-759,642
Jacqueline Taylor,785.013.624-17,(31) 15382-0794,21359-406,06
Miguel Faulkner,471.265.083-44,(92) 76903-8514,09285-614,84
Renee Thompson,394.051.876-00,(16) 68092-3745,96318-742,869
John Medina,460.523.719-43,(12) 40381-9726,08265-471,861
Joshua Gomez,405.397.126-80,(85) 91764-8350,74139-258,8765
Christina Contreras,827.361.459-09,(95) 60741-9382,67029-183,106
Jennifer Williamson,713.528.064-44,(39) 12584-3079,79468-352,981
Brianna Cooke,035.497.182-41,(47) 25791-0348,10698-432,673
Anthony Carey,206.849.157-58,(61) 19438-6275,74329-068,3460
Jill Curry,920.156.734-07,(46) 31976-2580,04821-395,489
Kevin Ramsey,354.876.129-19,(42) 61832-9705,69187-354,3627
Jose Frost,289.651.703-03,(52) 36908-4517,92384-617,8513
Christina White,738.629.401-87,(95) 78425-3906,27194-583,085
Leah Savage,710.894.352-23,(58) 62831-4970,76041-589,3075
Sara Sosa,593.271.406-99,(41) 56031-4897,90342-856,601
Scott Parrish,784.016.239-87,(90) 93158-0764,87456-103,491
Linda Moreno,362.958.714-37,(65) 92530-6814,02975-486,391
Robin Salas,428.615.730-07,(59) 53910-2784,28496-753,52
Brianna Price,390.185.742-79,(67) 69582-3741,78910-342,8409
David Tucker,035.842.679-00,(33) 79536-4810,46325-170,4079
Karen Dawson,508.341.697-20,(26) 69407-1832,63240-597,0892
Jennifer Avila,984.376.510-93,(33) 23816-7409,90365-172,4823
Jeffrey Jacobs,152.496.807-20,(99) 96875-3102,18240-693,8740
Angela Leblanc,718.234.965-55,(55) 56107-8243,26981-503,829
Todd Salazar,650.829.734-10,(58) 19450-7286,59046-217,5048
Michael Allen,614.572.839-64,(47) 68190-2345,74839-152,851
Scott Simpson,537.160.842-71,(32) 34201-8695,08695-374,0815
Isabella Hanna,942.076.318-87,(38) 62071-9854,41809-325,6491
Emily Atkins,143.750.698-48,(56) 93621-8504,32594-076,831
Sally Brooks,217.506.493-06,(26) 08476-3295,39710-854,382
Anthony Joyce,180.642.375-80,(64) 71253-6948,36954-172,45
April Williams,129.875.640-58,(15) 01574-2836,15782-063,217
Trevor Diaz,261.308.459-60,(62) 17805-2649,97463-210,047
Christopher Hoffman,814.769.302-87,(31) 21436-0758,86713-240,4890
Abigail Gomez,536.792.814-55,(20) 80467-1392,26480-719,597
Ashley Wells,943.078.215-05,(74) 42167-3095,87391-506,3850
Crystal Arnold,401.653.278-71,(30) 68105-7234,29163-405,690
Dustin Singh Jr.,624.871.039-22,(23) 27036-9514,45391-862,810
Grace Johnson,614.723.085-90,(81) 60893-2475,31672-405,380
Jose Lane,034.926.158-05,(69) 63184-7290,63912-480,1250
Antonio Matthews,674.938.015-84,(34) 25146-7930,70821-936,0452
Ashley Williams,065.479.831-10,(15) 59203-7841,54137-290,653
Keith Arnold,352.471.860-44,(40) 52037-4819,63289-547,530
Blake Powell,458.927.013-79,(60) 02473-9618,31089-462,7908
Amanda Murray,427.509.681-94,(44) 38495-7601,56281-304,126
Pamela Mejia,504.726.983-38,(53) 15947-0238,17068-532,6207
Virginia Ray,259.860.473-38,(31) 86170-2594,59831-764,437
Sarah Ritter,614.973.250-99,(85) 65349-0721,72185-963,1430
Ann Powell,845.107.369-75,(31) 63054-1798,68051-743,4093
Regina Chapman,972.860.541-20,(81) 43890-7251,48719-602,135
Meredith Carter,249.053.176-06,(15) 02456-8739,30415-987,360
Joshua Knight,738.645.012-53,(11) 80469-5723,10568-739,79
Mark Montoya,670.925.813-03,(96) 72045-6398,18035-724,362
John Powers,346.957.281-09,(40) 85742-0139,56930-241,19
Jennifer Johnson,794.612.358-28,(72) 13785-6029,59382-401,47
Ricardo Giles,453.176.890-66,(77) 19784-2560,24176-958,283
Joshua Hamilton,386.425.017-07,(99) 07294-3851,40657-913,1320
Christian Blair,769.803.514-00,(72) 61935-8247,65832-471,1465
Diana Jones,921.038.675-21,(62) 91502-8476,26470-518,94
Daniel Fischer,397.412.860-31,(78) 50729-4831,65241-078,3076
Mark Moore,712.059.368-40,(83) 39680-1457,27630-185,6845
Zachary Hopkins,380.974.621-50,(62) 79643-8025,67418-395,0641
Kyle Montoya,518.792.640-30,(43) 04982-5361,53679-284,5083
Steven Lee,320.974.581-14,(97) 29510-3487,79428-361,2865
Stacey Lewis,513.428.079-79,(32) 97435-6801,38269-705,4765
Michelle Nelson,697.184.032-13,(42) 17850-3246,62590-837,7602
Brittany Green,935.142.687-46,(79) 04758-6291,52017-693,7102
Christine Marsh,379.856.210-59,(13) 23859-7461,32604-987,591
Jay Gomez,674.920.853-38,(62) 46759-1320,76590-148,81
Catherine Pierce MD,043.715.829-23,(17) 26501-7384,74619-038,6470
James Jackson,430.219.758-79,(12) 87540-9162,20196-534,0329
Brandon Chavez,076.149.583-57,(44) 90386-7245,12796-038,061
Lauren Adkins,560.342.879-10,(53) 06381-7245,84972-305,5916
Michael Jackson,287.135.960-12,(52) 74603-2951,80635-294,412
Katherine Novak,492.086.517-11,(49) 50872-1439,19463-802,0361
Sean Wilkerson,597.683.120-68,(94) 09613-7542,49071-863,8657
Julia Bridges,705.921.843-23,(24) 62358-9107,54239-781,725
Angela Williams,278.140.936-78,(57) 76953-8412,12357-690,6925
Jose Torres,516.847.302-44,(42) 48516-2793,84571-620,794
Stephanie Gilbert,412.093.865-42,(38) 23487-0695,94032-576,742
Cristian Garcia,360.295.184-70,(16) 67214-9508,51629-408,9320
Lauren Wallace,269.045.781-49,(24) 47019-6358,80631-724,852
Roger Clayton,186.472.905-85,(94) 91682-4305,58972-413,9158
Wendy Bishop,190.754.268-01,(18) 64329-7810,98172-536,7986
Christopher Osborne,906.472.318-40,(22) 83642-7950,24019-385,748
Megan Dorsey,698.102.473-03,(13) 46798-0521,31648-705,86
Kenneth Stein,842.361.507-35,(32) 95081-3647,39160-872,342
Patricia Terry,149.623.850-89,(73) 34215-0978,29458-310,8362
Melissa Anthony,218.954.037-23,(37) 49085-1372,45972-380,216
Jonathan Park,164.507.298-30,(63) 17038-6294,49612-730,046
Michael Pierce,938.475.260-65,(24) 17369-5402,87591-240,5472
Karina Bennett,196.802.745-94,(67) 12847-6930,83456-710,036
Michelle Jones,615.234.089-60,(38) 83246-7091,57032-614,7503
Daniel Schneider,972.638.401-03,(38) 35682-0971,64297-538,384
Jennifer Brown,798.102.564-85,(16) 38421-7056,65298-413,2763
Katherine Rodgers,473.860.125-35,(81) 32945-6701,51963-482,650
Bruce White,017.235.689-02,(64) 35294-7168,02371-569,265
Victor Ferguson,096.857.124-76,(49) 50426-7938,18043-276,5247
Stefanie Jensen,064.278.539-29,(86) 71950-2683,02968-375,723
Jason Kidd DDS,405.832.167-90,(11) 46952-0178,56073-198,149
Lisa Campbell,624.170.539-34,(48) 29056-4718,95428-173,9465
Sharon Sanchez,709.214.856-11,(63) 38049-6571,46832-915,5697
Andrea Bray,851.037.246-26,(64) 73246-0895,90563-218,6824
Katie Page,570.296.438-10,(72) 79164-3820,72461-359,43
Jill Wright,976.405.138-39,(12) 23571-0648,41683-279,236
Miguel Espinoza,370.298.456-92,(69) 94021-5736,90381-457,4753
Jeff Munoz,396.072.841-78,(83) 28316-7495,86415-270,150
Erin Stone,649.025.173-61,(73) 97324-0618,53467-918,2358
Ronnie Stewart,608.195.374-20,(73) 27609-8315,36572-914,826
Brent Lyons,560.912.384-42,(92) 45631-0289,65098-734,4106
Marie Jacobson,146.509.732-52,(22) 76984-1053,53194-068,1570
Melissa Palmer,761.042.839-69,(95) 23798-5064,89435-706,0789
Charles Hamilton,476.520.398-00,(57) 18693-2470,02719-653,1936
Mark Fischer,705.934.612-07,(87) 18267-5940,32468-975,8615
Caitlyn Lee,480.751.296-01,(15) 81962-4530,58972-041,6394
Natalie Turner,253.706.489-56,(47) 83762-5190,85794-032,613
Lori Gutierrez,928.705.413-41,(44) 37425-1068,10852-769,3972
Isabella Cardenas,981.546.037-48,(42) 14732-9068,40571-693,6079
Melanie Parrish,896.715.342-28,(45) 72864-5039,17094-625,389
Andrea Murphy,520.168.374-62,(59) 51782-4639,47932-086,0275
Eric Smith,951.768.203-40,(84) 21974-0536,34587-219,9530
Robert Todd,943.208.567-83,(61) 18634-0752,15362-497,351
Ralph Webster,183.596.204-15,(74) 72835-1406,75891-064,8023
Wayne Cook,204.165.983-15,(86) 51643-8279,39671-258,976
Matthew Pearson,105.862.473-35,(29) 74258-0693,12380-467,6892
Lauren Peters,561.724.983-55,(88) 47623-1580,78592-643,403
Rita Roberson,138.026.475-80,(84) 50284-7163,96084-127,425
Margaret Welch,208.317.496-87,(46) 37650-8912,07134-689,092
Leslie Decker,326.178.540-35,(91) 83905-1746,40729-516,2571
Sarah Green,830.674.921-96,(34) 47081-5296,32587-410,58
Joseph Simmons,916.540.832-24,(45) 28716-5349,23598-140,39
Richard Bradley,850.392.671-77,(51) 02759-3461,43695-802,715
Kenneth Chavez,673.524.198-37,(21) 34952-1706,17864-052,8107
Matthew Gonzalez,021.697.853-02,(66) 84201-9573,63827-150,017
Alexis Molina,468.051.723-90,(82) 74302-5618,59206-718,42
Caitlin Leonard,041.632.795-80,(14) 93401-8576,92108-473,524
Mark Brown,182.056.493-24,(89) 34769-1052,80653-419,5934
Margaret Johnson,259.041.638-51,(44) 24793-0165,90573-268,475
Amber Sanchez,369.745.810-84,(72) 03678-4295,05279-316,8509
Laurie Bryant,634.295.017-25,(86) 37486-0259,73680-251,02
Meredith Romero,432.801.679-22,(17) 65491-3028,75246-980,2946
Chloe Gould,052.714.896-20,(58) 79634-8210,12598-074,407
Gregory Lopez,429.108.375-05,(89) 93540-2871,35947-086,7394
Kenneth Hunter,528.340.176-62,(20) 92130-5684,76093-852,8453
Adam Thomas,968.750.143-00,(93) 86142-3705,67134-985,2498
Brian Carlson,871.360.952-12,(86) 26917-0534,53790-246,689
Erica Harris,968.140.523-42,(53) 42815-6073,59076-241,549
Sean Forbes,258.479.310-50,(29) 27485-6109,80793-524,9753
Jacob Rollins,217.598.403-60,(58) 42065-7193,87945-623,469
Jeremy Ray,638.074.592-00,(54) 87319-4620,67418-593,0273
Elizabeth Barrett,482.150.679-30,(92) 40713-8569,51904-786,2879
Sheila Armstrong,821.376.409-96,(63) 94872-0163,72803-419,780
Brian Mcknight,416.897.253-46,(70) 32754-6908,07136-248,1938
Laura Young,761.243.058-44,(50) 92817-6035,19843-526,9645
Joseph Valdez,059.483.261-60,(82) 61738-5920,42950-368,245
Samantha Smith,451.683.029-98,(68) 98147-5206,75603-194,4201
Jackie Jensen,486.950.137-66,(40) 98536-2170,48109-275,8752
Andrew Adams,590.178.236-40,(88) 97813-6402,03572-891,17
Alison Buck,365.820.917-86,(44) 45279-6013,15290-436,962
Robert Myers,215.674.309-61,(53) 26785-1490,81549-072,983
Maurice Zavala,792.356.180-02,(44) 40689-7312,86903-172,13
Sherri Anderson,572.094.163-07,(40) 07956-8123,48932-157,284
Roberto Miller,268.913.470-50,(25) 42019-5368,70453-821,345
Marcus Davis,263.748.951-00,(62) 72185-6490,92704-168,654
Carl Smith,415.260.739-43,(53) 84210-3597,69812-457,3082
Dana Rivera,816.490.523-24,(20) 23467-9051,35416-028,41
Scott Griffin,350.689.142-15,(16) 45860-2391,72840-361,5904
Crystal Moore,967.538.204-00,(72) 37609-1548,56832-709,2859
Nathan Thornton,231.058.967-59,(20) 45390-2187,20549-386,9570
Angela Keller,062.347.598-74,(82) 06947-5183,52619-803,764
Derek Anderson,634.825.709-65,(47) 98563-7204,86530-492,493
Betty Hopkins,384.062.715-07,(56) 67398-5402,98462-370,3862
Mark Williams,970.152.634-16,(45) 73490-5218,78263-591,89
Alyssa Scott,752.036.814-90,(46) 37920-8451,54201-369,26
Jonathan Pham,840.751.926-01,(37) 80621-5493,98365-714,387
Matthew Nguyen,021.534.897-41,(30) 28576-1439,72014-689,3750
Kristin Barnett,197.380.264-31,(60) 57032-9641,37615-298,3178
Julie Hamilton,143.520.786-62,(19) 24107-9635,20417-398,57
Brianna Richardson,739.420.856-74,(23) 14379-8260,60792-814,1237
Amanda Molina,408.651.923-24,(44) 59671-3042,41293-765,8541
Natalie Fleming,958.672.104-30,(17) 10795-3842,28417-390,8042
Amanda Cook,102.658.349-70,(12) 68371-4052,50413-687,492
Hector Wright,186.429.507-49,(95) 87423-6051,79804-312,732
Amanda Stephens,457.910.362-99,(12) 83109-7456,08574-691,361
Paul Edwards,173.045.296-52,(80) 82049-7156,24961-305,5046
Michael Wood,982.470.631-31,(57) 21786-4350,94763-512,210
Jesse Bailey,802.397.146-87,(24) 86017-2539,18046-239,8519
Laurie Marshall,958.746.102-94,(54) 25461-8073,76830-215,0543
Rachel Carter,701.245.689-20,(86) 10826-4953,82731-469,6539
Brett Allen,586.497.201-02,(62) 38970-1645,08647-391,71
Kimberly Lewis,329.785.601-77,(78) 40615-8279,87594-263,7201
Ryan Valencia,372.014.698-78,(92) 16290-7385,71930-428,34
Jacob Cherry,509.326.184-05,(27) 24786-5930,58416-793,0458
Donna Morse,927.345.801-79,(51) 56370-1428,20934-675,9785
Kristine Klein,306.917.248-22,(82) 35748-9021,43580-261,1803
Margaret Mcneil,698.520.731-68,(87) 13054-6792,14835-926,372
Mrs. Victoria Gordon,351.876.429-28,(32) 90417-8265,46907-352,8275
Ryan Patterson,160.439.528-15,(33) 95631-8402,96405-187,6980
Bradley James,920.864.753-65,(43) 91637-8205,60874-125,1463
Karen Brown,904.763.281-87,(86) 41936-2780,43280-791,028
Mrs. Belinda Kirby,925.607.148-76,(31) 69352-7418,40716-328,8310
Steven Allen,254.097.381-79,(83) 05967-2418,07825-139,3205
Justin Smith,214.385.709-88,(13) 19760-5324,45123-678,85
Seth Hughes,041.385.972-04,(98) 49632-0157,01368-947,528
Dennis Norton,507.693.842-00,(18) 06542-7893,20689-345,8014
Todd Murphy,493.601.782-50,(64) 14872-3506,45316-982,943
Abigail Howard,176.350.249-06,(51) 61783-0925,58964-213,197
Rebecca Johnson,213.907.468-87,(42) 79018-2536,34065-182,824
Robert Burke MD,328.147.965-00,(53) 36980-5214,10736-528,8913
Rebecca Larson,132.450.678-44,(22) 20381-5497,52870-963,735
Michael Rivera,842.793.561-73,(99) 32479-5681,47138-605,956
Patrick Arroyo,742.695.130-80,(87) 32609-8415,58431-620,3248
Chad Austin,462.530.178-53,(44) 46175-3209,97163-042,6807
Kenneth Bell,920.576.843-00,(69) 63925-0817,67130-542,765
Lisa Copeland,874.539.261-73,(43) 28975-3406,08692-713,923
Ellen Avila,046.139.752-80,(11) 92436-0857,43895-126,745
Katherine Wong,239.485.160-06,(82) 92803-5176,59842-617,576
Joshua Sanchez,503.497.218-23,(36) 85641-2073,38496-710,693
Lisa Reid,452.639.108-51,(13) 75316-9024,61275-940,587
Shawn Griffin,503.468.912-05,(89) 05213-7698,06745-982,9587
Jessica Smith,289.546.107-49,(39) 37619-8204,50812-943,073
Clayton Brock,061.934.527-61,(56) 34268-0971,84016-735,7430
Mrs. Anna Garcia,823.159.476-00,(74) 40325-7198,78215-069,8390
Peter Garcia,473.208.569-56,(84) 40273-9615,94236-150,961
Gary Chambers,983.574.106-93,(62) 37591-2840,54601-789,3651
Julie Kaiser,495.830.162-33,(11) 90732-8415,75391-842,3905
Anthony Walsh,056.291.738-12,(61) 89516-2047,40732-196,815
Erika West,135.846.720-07,(31) 08795-3621,04153-689,104
Lisa Bender DDS,018.754.362-35,(62) 25897-0613,18594-260,3679
Brett Navarro,496.102.537-25,(54) 41326-8905,05972-861,9608
Morgan Smith,203.417.695-25,(45) 28435-9107,13679-280,9647
Donald Edwards,506.248.719-67,(89) 95048-2361,46719-280,25
Ashley Mathews,932.704.816-40,(23) 03982-5716,96015-278,697
Bonnie Moore,478.526.901-49,(41) 56908-1437,14307-289,385
Jacqueline Jacobson,329.857.406-65,(83) 40832-1567,79854-016,7805
Caleb Barber,439.176.082-78,(79) 10485-2936,21504-769,7685
Michelle Moreno,453.180.692-15,(73) 15764-3208,24013-789,875
Marcus Hurst,527.849.610-01,(97) 87250-3964,17985-023,3605
Kenneth Anderson,217.460.839-13,(66) 34917-2805,68927-503,6758
Hector Campos,408.176.235-07,(16) 87265-3419,37801-594,721
Angela Jones,735.819.602-30,(28) 16457-2980,92768-014,631
Jay Mendez,308.514.672-53,(81) 82967-1354,76409-258,4682
Robert Rogers,624.189.537-00,(18) 82169-4735,24975-103,508
Kimberly Cantrell,078.924.316-40,(43) 46397-8052,06483-975,174
Kristopher King,765.148.092-94,(75) 46379-8102,47056-321,5768
Alex Hansen,295.764.301-43,(69) 42503-7961,45896-372,3289
Jennifer Acosta,394.058.712-50,(34) 10792-5846,45912-037,694
Tammy Mays,857.046.132-17,(95) 71029-6453,82675-193,8715
Mr. Kelly Choi,346.951.807-66,(31) 87356-1290,72540-689,6075
Donald Hernandez,437.816.950-93,(58) 97415-0283,83426-751,538
Stephanie Foley,148.960.372-78,(56) 05189-2376,15438-690,497
Ashley Jordan,345.196.807-00,(20) 32489-1756,38952-641,8971
Michael Cooper,958.316.742-82,(73) 60725-3419,27619-048,7342
Kelli Vasquez,638.715.902-40,(52) 20458-6719,28047-361,9056
Carrie Fox,193.568.720-40,(28) 52601-3479,98164-032,7254
George Barker,421.358.760-62,(90) 28439-1657,01678-235,816
Susan Williams,328.519.074-41,(24) 59618-0243,12438-795,951
Jeffrey Mcdonald,598.632.407-29,(55) 50643-8972,30976-518,146
Patrick Glover,108.674.352-08,(23) 64813-9057,12569-480,719
Sean Blankenship,429.507.386-56,(91) 05829-3176,04298-317,3192
Samuel Chan,417.983.205-41,(66) 45610-7298,92704-581,8149
Edward Holder,793.024.168-87,(46) 79586-4023,39256-107,950
Linda Gamble,543.028.967-10,(52) 70289-3146,61259-437,7861
Kenneth Vargas,689.401.723-96,(38) 85249-0371,60739-825,67
Michael Marks,289.403.657-47,(69) 51349-0782,46025-893,9137
Isabel Brown,596.410.832-60,(82) 47602-5891,18324-706,692
Marcus Vasquez,509.728.164-02,(25) 10638-7542,97680-413,165
Kenneth Giles,634.289.071-40,(28) 18359-7640,35678-401,754
Nicole Williams,514.938.602-24,(26) 16079-4328,03518-742,9682
Kelsey Bryant,589.431.706-10,(98) 89124-3560,53784-602,792
Joshua Smith,340.189.275-41,(24) 87054-1263,10257-943,2795
Renee King,394.165.208-70,(80) 81406-2793,37528-096,1723
David Cooper,046.713.589-48,(97) 63079-2815,87510-934,4610
John Robertson,285.936.741-19,(66) 59238-4710,92370-146,709
Jeffrey Hill,423.596.871-82,(85) 23576-1498,47306-915,8719
Cassidy Austin,457.028.136-26,(20) 93274-8105,57830-249,0387
Kim Hill,210.653.487-62,(19) 60789-1243,74329-158,257
Alicia Francis,451.796.832-46,(19) 21034-5678,29061-357,583
Jennifer Gray,860.372.954-92,(34) 83672-0495,93076-452,381
Katie Hart,641.253.978-64,(94) 16043-9258,43261-508,1467
Carrie Rodriguez,489.235.716-28,(99) 24513-7698,31792-485,193
Joanne Moreno,253.849.671-37,(97) 45893-0761,74091-862,417
Jacob Figueroa,910.685.243-24,(13) 39182-7045,79381-065,8702
Donna Haley,934.652.871-00,(82) 48371-6259,24169-837,912
Kenneth Mccarthy,492.675.813-09,(84) 13904-6528,23794-815,5927
Christine Smith,950.486.271-30,(86) 90864-1235,28965-347,8021
Jennifer Scott,890.356.142-24,(86) 57143-8906,67359-184,4896
Diana Parker,234.715.960-70,(36) 65274-3901,02681-749,1968
Heidi Daniels,610.278.359-02,(24) 12495-7836,31496-827,752
Sean Thomas,467.902.581-67,(68) 73951-4260,16259-304,0876
Adrienne Forbes,375.084.261-26,(93) 64715-0928,08246-735,63
Linda Pena,798.465.213-91,(98) 43152-0796,19370-682,9104
Thomas Brown,458.621.937-82,(29) 59123-8764,25743-619,078
Christopher Lee,357.608.124-08,(36) 31587-9260,60419-387,8731
Jennifer Baker,372.809.546-00,(26) 08942-6571,59140-872,065
Chad Mejia,946.238.170-40,(59) 38752-1069,59873-246,172
Deborah Benjamin,693.127.058-30,(14) 47238-9016,14987-526,97
Stacie Jensen,436.275.190-43,(45) 01374-8659,15873-426,08
Jeremy Sanchez,596.178.034-10,(25) 23984-7601,93085-174,0127
Jeffrey Williams,572.934.168-73,(14) 17495-0826,30894-216,4915
Stacy Willis,830.649.751-10,(41) 31850-4972,48607-531,7483
Cheryl Miller,507.293.614-70,(41) 50216-8794,27043-561,7368
Paul Byrd,917.563.408-20,(64) 71496-2853,37201-895,3648
Kim Rivera,134.027.589-97,(62) 31259-7046,67495-380,1983
Nancy Fleming,143.890.576-93,(52) 85921-7063,15378-926,07
Kathleen Oconnell,386.792.045-10,(26) 91247-3506,78134-205,903
Brian Morris,253.649.807-74,(64) 72609-5438,92814-670,7654
Kristine Trujillo,185.206.379-30,(91) 25806-4197,26145-973,1784
Andrew Vargas,076.139.824-40,(24) 80962-1375,53201-679,2534
Brittney Levy,908.361.254-60,(80) 92764-8301,76513-429,3268
David Greene,530.126.984-42,(51) 87421-6390,27190-354,1896
Laura Henderson,342.810.695-42,(26) 29074-8635,79356-284,46
Robert Mann,475.269.038-10,(46) 72319-5640,49621-087,3067
Angela Mendez,027.843.195-04,(56) 87054-9216,76140-235,8265
Craig Whitaker,123.607.954-06,(95) 45297-6013,81469-023,2450
Julia Lewis,231.964.857-73,(73) 84012-6975,20341-896,2806
Tammy Welch,409.863.217-96,(71) 45029-3187,67835-420,1325
Joseph Lee,209.586.471-94,(90) 28764-9350,62198-570,3816
Paula Russell,028.534.796-92,(19) 97165-4302,96328-705,9256
Sarah Jimenez,571.062.483-71,(90) 91260-7345,18765-340,436
Sarah Jackson,092.648.157-67,(78) 46815-7302,19742-385,4037
Mr. Daniel Rowe,346.127.085-71,(25) 05491-8763,63980-251,302
Adam Crawford,978.342.601-03,(88) 50374-8162,52693-807,428
Diana Smith,096.541.327-61,(47) 52367-9401,50649-217,164
Amber Fisher,831.526.907-03,(38) 45038-1729,32809-541,670
Dawn Carlson,064.178.523-26,(36) 75362-0418,84176-203,324
Curtis Livingston,657.281.403-35,(86) 81073-2946,71295-346,064
Brittany Pham,342.081.796-78,(18) 49057-8216,01823-974,31
Andrew Suarez,671.230.498-96,(93) 91804-3256,37846-901,892
Veronica Schneider,579.681.234-37,(54) 28796-3415,39784-620,1502
Mrs. Shelly Ramirez,403.795.128-23,(17) 69270-5183,14785-602,457
Julie Robinson,614.793.582-82,(61) 08652-3714,04861-235,507
Travis Singh,170.236.895-59,(68) 70842-9316,78302-649,7946
Carol Scott,931.547.680-84,(65) 64810-2537,02165-937,51
Andrew Holder,295.760.348-92,(50) 97236-4185,29780-354,8127
Andrea Bender,536.870.492-56,(41) 65987-3410,51308-492,3826
Laura Harrison,815.620.743-26,(93) 26409-5317,36481-297,209
Stephen Johnson,063.259.187-03,(91) 96740-3825,23568-041,927
John Gonzalez,965.173.804-93,(81) 90576-4183,58426-379,4762
William Russo,764.201.358-26,(68) 32971-4608,69725-018,9528
Kristina Zavala,974.628.351-00,(98) 37602-5418,35047-928,513
Felicia Mathis,849.023.516-33,(64) 15206-7983,30758-912,2579
Austin Martinez,475.691.032-70,(40) 54670-3982,01492-837,590
William Smith,451.736.908-01,(40) 35421-0978,71953-846,049
Emma Good,096.354.872-74,(51) 40278-9653,65027-381,638
Nicole Sherman,371.864.052-07,(66) 63591-4708,72306-189,0954
Sierra Ray,926.540.713-16,(65) 84052-7913,67392-185,958
Carlos Mathis,671.350.298-95,(31) 58126-3947,89421-053,2987
Erica Blackwell,348.605.912-24,(85) 21549-0836,71428-935,803
Elizabeth Johnston,057.986.142-20,(24) 85203-6794,84260-735,6803
Jerry Mitchell,864.390.257-83,(11) 37621-4590,15874-230,3721
Carolyn Rodgers,794.651.283-09,(30) 39850-4162,59368-702,580
Jason Snyder,480.192.673-87,(12) 41576-9238,94281-530,9152
Amber Patterson,382.607.914-04,(54) 10267-4385,73210-596,8935
Robert Bell,073.265.941-80,(37) 31642-9870,56039-721,1862
Pamela Baker,360.721.845-53,(84) 10473-6829,31096-458,4509
Sharon Logan,056.318.742-53,(99) 70289-3416,73580-421,402
Whitney Cole,219.376.845-55,(54) 27916-8053,10643-729,842
Brian Wilson,679.510.438-93,(58) 37642-5089,37869-024,786
Stephanie Taylor,852.361.470-26,(27) 24639-0851,80694-237,314
Ashley Johnson,231.908.465-70,(34) 98754-2361,74632-508,3508
Nicholas Martin,963.821.407-40,(30) 92487-3601,17249-635,985
Mark Watkins,980.125.634-60,(67) 84912-6503,74850-316,671
Mr. Larry Garrett,325.801.476-08,(85) 94216-0837,83706-192,8369
Sheila Joyce,753.248.960-47,(77) 20936-7845,34071-569,6580
Robert Zimmerman,685.107.234-35,(81) 91567-2043,94163-720,6574
Kimberly Ruiz,291.437.086-50,(62) 50287-3914,06289-517,7613
Robert Wright,790.285.631-21,(99) 14859-0276,18367-259,845
Hannah Robbins,520.178.396-12,(16) 03241-7968,85071-634,3762
Leonard Rice,267.130.854-07,(91) 86174-9032,24890-617,9721
John Patton,657.420.189-67,(58) 51397-0628,95471-306,0283
Joel Kelly,695.738.021-12,(67) 05619-3842,05436-829,2716
Melanie Keller,614.023.759-99,(37) 62518-4079,59043-621,498
Kenneth Rogers,253.487.190-05,(26) 43607-8529,52064-871,6953
Kelly Lawson,163.752.089-12,(86) 69480-2517,83957-264,130
Gerald Cole,859.713.640-57,(20) 54260-1398,23045-918,975
Joshua Mack,769.241.350-99,(70) 47635-0291,70614-352,1097
Jeffrey Simon,594.108.376-93,(95) 46289-3107,56270-319,1208
Donald Williams,560.412.387-08,(69) 78965-0312,71029-538,7165
Leah Barron,284.315.067-17,(89) 45689-0371,08197-436,479
Jessica Brooks,092.381.574-05,(68) 60438-9215,97482-301,874
Joshua Harrison,276.538.194-19,(83) 02596-7148,17860-592,415
Nicholas Cook,785.206.391-86,(36) 93476-1520,82705-643,2349
Mr. David Smith,071.589.624-58,(89) 47032-5198,14675-098,753
Christopher Wilson,941.760.382-50,(92) 63847-5012,60358-742,598
Thomas Wolfe,403.651.829-15,(18) 26839-4710,65190-473,7954
Steven Villa,731.459.682-46,(87) 48762-1530,78591-634,6519
John Harris,318.702.649-40,(56) 53281-7649,13458-079,3451
Gregory Moore,940.386.275-00,(61) 62794-0815,63249-857,4651
Daniel Bradford,295.478.613-28,(92) 08426-7135,87369-152,3961
Joel Frey,269.014.873-04,(27) 37896-2150,92103-576,5246
Samantha Keith,560.819.732-12,(13) 26079-5438,08742-359,853
Amy Brown,685.071.394-93,(17) 81602-7459,98456-730,3527
Nathaniel Simpson,820.753.194-05,(44) 15328-0497,29438-156,5402
Jordan Smith PhD,237.169.084-87,(14) 40137-8295,59124-087,0841
Shannon Norton,704.129.365-34,(52) 47085-2631,78041-295,586
Hannah Frost,249.570.631-25,(99) 91658-4270,21879-304,710
Maria Kennedy,259.340.716-61,(36) 23850-7496,52607-481,278
Phillip Black,265.713.094-16,(81) 46185-0372,29167-403,2654
Carl Johnson,609.218.435-42,(38) 74916-0358,37194-825,40
Ronald Adams,850.341.729-41,(58) 75026-3914,13459-628,50
Meghan Quinn,918.063.245-98,(27) 78346-9205,48793-056,3907
Tammy Carson,601.458.239-89,(90) 91624-0875,41726-305,32
Thomas Mcbride,506.472.981-20,(91) 75682-3194,28956-437,7815
Dawn Mccall,756.482.019-58,(71) 85307-4926,82350-167,350
David Soto,307.859.614-10,(55) 98470-3165,07854-912,9316
Kathleen Jennings,169.407.583-48,(62) 69705-1238,13068-957,679
Shane Mcintyre,314.860.952-24,(21) 79350-8164,63814-275,495
Jeffrey Williams,241.937.856-37,(55) 19402-3785,49635-218,8307
Emily Lee,702.934.516-99,(96) 02394-1785,96075-214,0867
Tara Welch,431.852.679-82,(93) 28753-1460,79351-486,7019
Julie Carr,618.429.730-96,(82) 35427-0619,91063-254,8134
Timothy Hunter,806.572.419-11,(50) 12306-8459,50621-398,2106
Thomas Fisher,132.405.986-98,(44) 90316-4257,90415-638,3240
Maria Bailey,258.134.079-79,(20) 86193-7452,17640-935,7016
Andrea Grant,531.246.789-82,(17) 46195-0723,14780-356,8231
Susan Wagner,802.157.493-32,(91) 64152-8903,31429-860,6951
Brian Martin,580.217.936-86,(59) 78134-0962,57309-682,789
Robert Carroll,960.418.573-00,(76) 57048-6293,04835-296,736
Kimberly Lewis,348.615.079-01,(52) 74398-6250,64370-891,04
Louis Delgado,502.468.379-00,(63) 13589-4720,79514-206,672
Daniel Martin,410.726.395-99,(91) 83952-4106,82617-450,2359
Denise Jacobson,580.792.461-49,(70) 86257-4193,04952-671,2049
Christine Gamble,746.825.930-56,(41) 24951-7386,73509-264,95
John Ross,568.931.402-15,(79) 61725-3980,82170-593,6395
Joshua Jones,867.935.104-01,(17) 86013-9724,21358-704,2089
Wendy Dougherty,061.843.972-22,(69) 53469-7218,40953-217,0782
Logan Smith,243.901.587-32,(49) 96824-7315,65930-142,1394
Justin Neal,178.426.935-28,(64) 40261-5389,91450-873,0784
Jessica Gilmore,293.678.510-30,(41) 73192-5064,75986-021,891
Joseph Hill,258.470.916-30,(60) 85039-1472,68235-107,27
Misty Jimenez,294.768.103-78,(18) 17502-9348,45198-236,1790
Charles Barber,845.726.310-26,(41) 61753-9824,96035-184,162
William Young,620.197.438-50,(60) 12790-5386,83210-645,531
Destiny Medina,769.201.835-95,(61) 21987-5640,53710-928,674
Sierra Landry,325.906.481-89,(24) 31970-5264,63015-784,1264
Heather Hughes,176.298.430-03,(50) 37680-9541,09342-581,09
Laura Norton,178.350.296-77,(35) 42950-1867,42756-098,38
Penny Schmidt,126.840.957-01,(31) 15830-4297,49187-360,2903
Morgan Sharp,439.507.681-57,(87) 53064-9218,92680-134,7429
Heather Henderson,472.398.061-03,(46) 09865-2134,93460-258,3280
Derek Collins,273.068.914-13,(82) 92610-3745,97861-023,301
Randy Warren,143.659.782-09,(25) 04135-2798,17029-684,05
Thomas Mathis,740.198.365-66,(38) 07183-4956,14908-625,0927
Brianna Wright,415.723.968-73,(59) 64987-3250,18256-904,2178
Kara Ramirez,184.706.329-22,(47) 35694-1278,13079-485,3517
Crystal Carter,864.503.971-01,(55) 25380-6179,24983-671,4618
Jennifer Campbell,406.983.527-00,(78) 06834-7951,48279-560,4230
David Andrews,645.108.729-76,(32) 17892-5603,18753-269,367
Calvin Wheeler,932.084.165-98,(18) 91574-2603,34527-601,0259
Nicole Sparks,470.126.985-94,(88) 91408-3672,95864-120,4906
Lawrence Andersen,549.617.820-76,(86) 18236-0749,79563-804,8549
Amy Webb,410.582.769-30,(88) 80371-5492,03267-549,8931
Abigail Luna,825.349.670-29,(53) 34076-5289,70213-546,2710
Lisa Davis,687.245.390-74,(80) 34105-9867,93471-260,5468
Marcia Brown,098.374.265-00,(87) 03856-2197,09642-187,7296
Carolyn Cross,972.458.106-30,(35) 78012-9643,08317-462,649
Jonathan Ramirez,609.421.578-85,(94) 80493-6175,93061-724,82
Joshua Pitts,340.871.692-78,(48) 76403-1589,98126-753,5096
Janet Erickson,752.691.804-30,(15) 81543-0976,56210-438,512
Michael Walker,359.420.716-16,(60) 37048-5169,89034-756,075
Jennifer Taylor,945.132.760-61,(62) 85364-1270,21960-385,1560
Ms. Deborah Hunt,631.480.752-26,(91) 31980-2654,13482-965,273
Kimberly Kidd,695.702.834-83,(66) 04526-7398,07154-932,3748
Joshua Boyd,705.316.482-90,(41) 28934-6170,30951-486,4721
Christine Martinez,091.528.743-97,(47) 39841-0267,29560-134,743
Micheal Barker,203.659.841-24,(88) 42096-8357,72943-518,4613
Sheila Santos,349.017.285-04,(43) 68925-0143,60894-257,0431
Angela Robinson,059.173.826-03,(87) 24081-7695,47690-825,87
Heather Blackwell,921.350.876-02,(83) 60134-8275,53094-816,208
Richard Soto,627.518.439-64,(37) 34680-9125,24190-573,256
Amber Jones,435.071.296-80,(33) 02365-1948,25187-049,416
Julie Wagner,603.817.529-68,(53) 74018-5623,14652-980,53
Samuel Sloan,762.453.180-17,(54) 37065-8419,24837-609,320
Ian Williams,823.107.964-50,(92) 29568-1704,01976-832,0268
Jeffrey Garcia,382.157.694-46,(53) 18435-6970,35281-674,701
Anthony Curry,521.839.670-21,(62) 85127-9430,05361-879,2430
Judy Park,165.370.429-25,(94) 13765-8492,16709-245,1504
Tammie Stokes,524.637.809-83,(47) 07412-5983,42156-980,0932
Jeffrey Le,028.965.314-24,(58) 38467-9125,24768-350,4958
Kimberly Bates,159.704.382-60,(14) 07469-5812,10795-346,8043
Craig Brooks,109.672.438-31,(14) 51280-9637,89062-514,61
Melissa Velasquez,045.127.396-61,(62) 23470-5816,26785-431,681
Rachael Webb PhD,943.021.578-79,(29) 13472-0569,42715-689,972
Victoria Allen,715.943.062-06,(92) 19372-0854,05736-912,4295
Colin Gonzales,972.145.038-32,(92) 94517-3602,43862-175,5379
Jeffrey Bishop,795.682.341-28,(54) 23869-7054,56913-842,3062
Jessica Wells,579.380.461-75,(57) 97032-6851,05719-426,6489
Jon Allen,631.849.750-10,(85) 02875-1693,16798-032,368
Micheal Goodman,248.356.791-64,(82) 42819-7630,14253-807,1654
Jessica Harper,192.634.078-78,(36) 26875-4310,50732-846,72
Deborah Gordon,275.846.310-53,(73) 64517-0298,93460-512,7524
Matthew Hudson Jr.,634.052.971-25,(99) 68257-3194,28140-673,536
Michelle Heath,831.652.074-53,(75) 54708-1369,14325-986,2941
Randy Gibson,978.321.560-40,(45) 59471-2063,63749-581,623
Norman Cook,291.087.465-67,(25) 72305-1648,62137-549,4957
Kaitlin Ray,983.024.157-23,(48) 34629-5170,56310-748,218
Madison Benson,206.795.413-06,(35) 62483-7950,12075-469,2493
Sarah Jones,439.067.812-40,(77) 35106-8479,72093-185,7294
Michael Jones,987.643.152-82,(84) 91264-8370,42930-685,608
Katherine Yang,491.350.628-51,(46) 30692-1485,27803-651,7345
Terry Beck,829.713.640-03,(89) 95267-4183,19053-268,3958
Rachel Parker,834.572.109-50,(58) 36501-2748,28653-970,054
Emily Jackson,281.340.657-08,(75) 25947-1683,81093-765,3127
Erin Jimenez,824.601.957-02,(28) 64182-7590,59176-430,768
Robin Greene,289.603.451-05,(51) 79803-2146,51678-049,3740
Joshua Eaton,352.609.184-60,(24) 09543-2786,98406-753,8216
Nathan Thomas,397.456.281-82,(72) 89741-5032,72604-983,9417
Sydney Roberts,079.325.846-47,(93) 54701-8926,60985-274,739
Diana Wilson,645.321.089-42,(76) 23175-8609,75198-304,965
Justin Austin,897.365.241-91,(90) 15329-7068,58126-709,8173
Debra Turner,914.560.378-20,(99) 84371-2695,83514-706,925
Jamie Miller,425.138.697-37,(55) 80715-4392,21680-573,2751
Troy Miller,651.473.928-82,(72) 48015-9623,41079-623,1295
Elizabeth Williams,928.716.530-03,(92) 80172-6493,98542-106,074
Brian Schultz,037.215.489-14,(77) 94360-8517,28136-074,9827
Michael Hunter,917.682.453-55,(52) 94872-3051,68594-217,73
Julia Davis,508.724.961-20,(71) 80164-5932,24579-168,2578
Jonathan Dorsey,763.810.429-31,(77) 50718-4639,29531-867,56
David Bass,654.192.370-16,(13) 82319-7506,96210-543,4063
Jonathan Boyd,471.629.508-76,(80) 67901-2354,01675-943,4856
Victor Adams,421.875.096-30,(48) 71480-5623,13547-069,4537
Gerald Meyer,870.139.265-40,(89) 41593-8206,42836-019,2194
Julia Mcdaniel,248.753.019-79,(54) 23068-5149,62154-983,5467
Jennifer Mendoza,374.508.961-84,(11) 53628-1794,57418-960,987
Daniel Landry,957.386.402-92,(83) 64198-2305,38147-295,3741
Kyle Newman,675.302.894-38,(95) 41603-5982,72415-693,4290
Tiffany Evans,817.649.035-01,(27) 78956-4210,40739-825,713
Derek Richardson,910.642.783-96,(90) 73250-4681,08745-261,9814
Carl Wilkinson,623.145.879-28,(87) 53169-2874,75402-896,3869
Derrick Perry,042.531.967-99,(91) 62819-3074,17904-285,0538
Scott Warren,134.685.097-66,(63) 12475-0683,69215-480,856
Keith Curry,689.534.071-84,(55) 67143-9820,95083-172,8697
Anne Lee,062.941.835-70,(50) 68254-1039,89240-671,0836
Robert Miller,462.907.185-76,(31) 17046-5392,81234-075,5063
Steven Sherman,856.049.372-74,(12) 38294-6507,78346-291,463
Ronald Miller,632.745.109-80,(15) 79360-1285,07268-954,3406
Mark Owen,417.608.392-13,(39) 10823-7945,41698-532,5728
Michael Cochran,358.026.947-00,(17) 04893-5271,78529-016,6745
Jeanette Burch,863.495.271-19,(44) 54627-3819,10267-843,8416
Laura Ramsey,195.067.234-43,(45) 69032-1487,63290-458,327
Michael Tran,153.097.268-02,(68) 26145-7903,83214-957,483
Steven Matthews MD,651.247.890-85,(56) 48365-9102,31468-095,0257
Jared Jones,130.548.629-33,(25) 86352-9710,57369-248,901
Dennis Anderson,905.786.134-84,(88) 89650-2743,01863-725,2135
Elizabeth Aguirre,415.879.632-64,(74) 94673-1852,98061-572,9743
Brian Jordan,178.956.432-82,(22) 92830-5417,45820-139,268
Joseph Griffin,386.095.124-60,(19) 63917-5240,48706-953,316
Melissa Young,175.340.689-75,(59) 71360-9258,19320-756,2714
Timothy Carrillo,319.742.685-19,(49) 86091-7425,48703-529,5431
Lisa Cooper,645.190.728-67,(41) 92018-4576,87690-513,6723
Daniel Nelson,935.206.784-38,(50) 09281-5347,98054-723,4891
Patrick Chen,429.685.037-74,(14) 83240-7691,43581-079,426
Steven Clark,742.813.960-04,(28) 17564-0389,29087-143,703
Christopher Moore,276.590.143-07,(82) 36407-9125,54081-362,1840
Harold Miranda,381.207.694-22,(18) 13854-0962,54928-076,0613
Heather Banks,039.586.412-70,(94) 49125-8703,94023-751,0629
John Harper,165.709.423-52,(31) 24038-7916,70631-849,870
Alex Gomez,782.360.149-40,(44) 42865-0793,04279-135,9607
Tyler Thomas,429.637.150-99,(14) 36598-7142,28915-734,864
Katherine Perry,487.260.139-40,(40) 27490-5836,40872-913,2960
Leslie Hurley,425.809.761-67,(75) 30687-9124,15683-790,0791
Karen Harris,936.541.782-19,(48) 64210-5837,01896-235,24
Tara Vega,164.980.523-33,(89) 91648-0753,26451-038,0923
Emily Thomas,850.143.976-20,(16) 18705-6349,63041-592,1932
Rachel Campbell,216.834.970-31,(13) 56480-2193,91286-407,109
Richard Mason,425.916.738-37,(62) 95681-7023,16395-742,419
Lisa Bell,340.216.859-60,(64) 24319-0875,87534-209,520
Albert Riley,347.051.682-08,(69) 47560-1983,12065-894,496
Megan Crawford,136.250.479-34,(62) 72350-8691,34285-097,835
James Molina,342.018.675-44,(46) 45693-2017,42986-701,76
Nicole Singh,624.870.395-74,(32) 53264-0978,20376-489,429
Christopher Olson,538.917.024-50,(83) 06453-7128,72390-645,9658
Aaron Hernandez,273.865.940-38,(96) 54108-7296,29743-810,714
Mary Miller,150.829.376-77,(50) 29618-4573,73209-461,375
Shelby Proctor,952.348.017-05,(59) 30267-8459,87392-560,8316
Richard Henderson,587.641.392-55,(80) 59641-2307,97015-683,823
Laura Reed,783.426.190-87,(61) 18265-7394,10752-368,7285
Daniel Douglas,479.230.165-34,(88) 27859-1430,24673-918,2435
Carrie Lee,061.437.985-75,(69) 90178-3625,85736-109,3584
Gregory Smith,814.602.735-08,(82) 91032-4867,30147-982,913
Cody Riley,837.162.509-02,(72) 84073-9162,09345-216,96
Brian Sellers,173.624.095-16,(49) 20718-5364,38921-057,291
Victoria Park,370.259.416-70,(92) 13457-2869,06893-127,807
Todd York,307.462.591-07,(56) 84109-2735,10692-378,562
Jonathan Ortega,146.839.527-00,(61) 30476-5918,01689-724,5360
Luis Gibson,279.341.608-87,(99) 23081-5749,64385-792,6493
Juan Williams,108.629.475-02,(63) 71263-5089,38917-546,8237
Michael Gardner,237.814.059-23,(93) 98601-5347,17532-846,9061
Audrey Lewis,046.571.239-80,(80) 37820-4695,02698-714,0796
Margaret Santana,095.268.713-59,(28) 27805-6934,36740-598,59
Robert Reyes,094.751.328-05,(71) 04513-6789,58206-793,843
Evan Valdez,697.058.314-75,(82) 97523-4018,37680-521,9435
Monica Mills,231.469.785-55,(49) 09136-5784,97412-603,4061
Ronnie Pineda,548.197.203-41,(48) 28359-6701,95834-017,1592
Angela Nelson,874.965.302-47,(75) 32164-8597,32054-168,4950
Diana Ibarra,091.643.287-40,(80) 76541-8039,81092-347,793
Tracy Johnson,792.301.465-52,(95) 53628-0974,94825-160,6281
Larry Robbins,963.541.702-07,(89) 68427-0531,60817-259,23
Terri Moreno,607.524.183-35,(70) 29351-7408,41972-630,3857
Stephanie Miller DDS,708.134.526-35,(15) 19578-2403,52460-971,9361
Tyler Mccoy,169.803.574-84,(73) 78503-6214,09428-157,54
Joanna Holmes,526.317.809-30,(99) 57368-2914,75093-264,0732
April Wu,281.530.469-42,(24) 14657-8039,12846-570,612
Tamara Peterson,721.869.340-78,(58) 84209-1367,68319-042,503
Kimberly Smith,973.058.126-68,(66) 35618-0794,93421-780,0241
Jacob Brown,109.578.234-79,(70) 28901-6357,29346-501,948
Jill Savage,742.583.106-62,(11) 06873-1549,97638-154,1304
Heather Harris,435.298.106-06,(88) 23675-9481,91460-253,967
Angela Wagner,241.576.893-64,(95) 25378-4901,12965-478,4852
Carol Sanford,362.481.957-73,(51) 86932-7405,18097-546,8236
Tara Kim,968.351.024-89,(51) 47592-3061,06192-875,4879
James Alvarado,750.192.683-21,(18) 38945-0172,23860-795,65
Lori Warner,403.798.526-83,(90) 14836-0795,14023-689,341
Cory James,854.379.601-66,(75) 26804-9175,86054-319,16
Ivan Wong,457.209.136-61,(84) 09214-3687,01285-736,801
Sharon Elliott,380.492.517-05,(35) 05927-4613,38975-620,6258
Savannah Smith,087.426.193-78,(31) 83769-0215,98751-603,850
Timothy Newton,573.826.419-37,(31) 90451-6783,90618-234,026
Tommy Hall Jr.,320.748.965-65,(59) 06721-8953,43250-178,5683
Samantha Mccoy,863.240.715-53,(73) 61492-0573,06492-315,3475
Joseph Sexton,135.942.076-25,(66) 85041-9326,45891-230,214
Ashley Wells,954.710.823-97,(68) 89125-7430,35847-091,8073
Maureen Salazar,120.785.693-21,(99) 20856-1794,07358-914,7580
Matthew Chapman,708.923.654-47,(94) 15409-8627,62054-789,0874
Lauren Stewart,310.569.827-21,(78) 21506-9843,78306-592,376
Michelle Chase,852.906.714-20,(94) 80295-7134,05497-216,6853
Sarah Wong,814.609.357-48,(87) 79152-6834,51068-927,3874
Jenna Johnson,852.473.106-08,(14) 30417-9865,70163-592,871
Benjamin Marshall,584.219.367-19,(84) 36872-4915,10634-587,3054
Joshua Weber,263.784.509-00,(61) 80953-6214,68275-903,2591
Zachary White,148.259.706-30,(63) 91872-4563,81534-096,1928
Philip Johnson,258.940.731-97,(82) 41592-6830,95324-870,941
Caitlin Sparks,489.736.250-47,(52) 04913-8562,05698-147,916
Travis Martin,092.574.163-99,(97) 06245-9173,42913-760,926
Sabrina Grant,046.521.893-89,(66) 95106-3278,78205-463,9328
Kim Webb,189.427.035-50,(20) 81257-4630,10524-689,6804
Anthony Jones,893.627.154-73,(76) 74915-0862,31270-846,5704
David Stewart MD,531.028.679-95,(53) 06581-7493,38065-924,2056
Dawn Sanchez,607.324.981-04,(24) 14587-2936,17240-839,219
Allison Richmond,439.108.526-70,(32) 19854-2063,58329-460,4803
Stephen Smith,032.678.951-03,(94) 35798-0426,46132-570,3871
Melissa Russell,670.851.932-12,(82) 67453-0912,68150-493,542
Cassandra Miller,657.328.914-55,(62) 85097-2461,82564-139,7015
Jacqueline Robles,754.012.968-94,(43) 85421-9607,94153-280,963
Megan Moore,407.835.961-20,(73) 41785-6392,58290-143,746
Joshua Ward,372.608.415-08,(17) 05927-4138,21893-654,5814
Abigail Morrison,520.613.849-51,(25) 47619-5208,03491-526,487
Ryan Williams,263.579.480-47,(98) 83976-4501,38679-145,813
Casey Rodriguez,674.012.853-71,(70) 26079-1385,29381-576,4139
Tommy Ramos,149.083.256-42,(16) 23765-1894,79265-038,30
Walter Robertson,938.021.476-69,(26) 59406-3218,90532-681,6428
Christine Franklin,714.305.862-90,(79) 37210-9584,30925-817,0584
Jeffrey Miller,862.345.710-26,(94) 06347-1598,46837-592,8451
Tracy Villarreal,308.217.546-53,(41) 19248-5763,53124-678,541
Rachel Burgess,258.693.407-56,(35) 28430-9756,41729-680,510
David Duncan,956.372.084-92,(27) 30214-9768,96532-701,685
Robin Beck,153.784.269-28,(33) 34809-1672,60347-981,480
Jessica Johnson DVM,267.938.041-03,(92) 13850-2649,89753-142,03
William Jackson,720.435.869-47,(40) 30427-5168,17805-643,738
Rodney Dixon,281.659.370-30,(96) 04235-1879,34957-012,401
Kelly Jordan,483.259.167-37,(29) 63947-1580,03785-149,473
Clarence Jarvis,983.562.104-70,(45) 52398-0471,53916-472,7138
Brittany Montgomery,374.951.208-60,(23) 15789-3240,72410-896,759
Katrina Bartlett,385.912.076-02,(73) 70685-9123,95467-128,9806
Ashley Duarte,582.701.934-88,(22) 52701-3986,74320-196,80
Stephen Thomas,694.207.183-87,(94) 50861-4239,20743-516,93
Lisa Perez,150.249.736-07,(12) 87450-2691,95368-241,3150
Mindy Walker,394.780.152-14,(98) 49380-2671,92673-815,74
Pamela Raymond,734.589.216-64,(87) 31584-9062,18243-965,2473
Mitchell Mays,602.945.731-43,(18) 91028-4675,07529-136,4025
David Hill,493.561.087-57,(56) 82071-6549,12857-096,3769
Jason Snyder,856.290.731-68,(69) 93807-5462,37146-209,18
Ryan Middleton,801.276.549-76,(95) 15234-7096,59768-243,3596
Angela Hernandez,145.763.280-26,(75) 08624-3579,54270-836,093
Martin Barnes,328.416.790-04,(92) 20978-4135,13820-567,652
Kenneth Barnes,715.348.629-19,(81) 97385-2410,63724-905,8401
Amy Hines,721.940.368-22,(30) 69385-4172,69148-235,029
Christopher Buchanan,142.350.789-41,(36) 76812-9450,94376-182,1324
George Fisher,284.590.671-49,(75) 64395-7182,81297-503,5486
Kimberly Campos,067.291.358-59,(38) 35098-1472,46395-701,286
Susan Gates,379.058.642-00,(24) 03185-7926,25810-963,548
Nathan Lynch,147.856.023-17,(99) 13978-4652,02467-918,827
Robert Smith,672.035.194-06,(36) 74695-2381,28975-013,7612
Danielle Smith,189.267.053-40,(26) 95376-4180,12948-560,6710
Caitlyn Barr,214.590.736-06,(68) 46098-3571,68427-915,3175
Brian Baker,935.412.706-16,(95) 40253-9768,03928-176,3918
Heather Christian,028.146.379-40,(36) 25073-1896,38741-659,75
Matthew Brown,439.857.602-92,(55) 98431-6752,72819-053,10
Michael Kelley,205.941.378-88,(91) 08439-2615,53419-627,9034
Adam Erickson,635.907.481-84,(37) 65973-8142,87564-912,5173
Marisa Green,465.730.928-56,(43) 83270-6549,73160-849,928
David Davis,628.479.103-87,(27) 57130-4268,17495-028,890
David Sanders,098.145.623-51,(16) 97851-6320,86732-541,574
Alyssa Gomez,234.098.571-41,(16) 13267-8549,90234-185,462
Raymond Baker,054.761.298-20,(93) 14625-9387,29013-476,052
Charles Joyce,354.796.012-61,(16) 60128-5974,16034-527,532
Patrick Crawford,698.345.172-46,(16) 01697-5328,25164-790,91
John Herman,507.143.692-25,(40) 17684-2950,74329-586,7563
Carolyn Cameron MD,346.571.908-57,(47) 32517-6984,47816-932,8915
Teresa Butler,537.491.280-14,(81) 17258-3409,12960-348,0829
Joanna Vargas,581.047.362-80,(83) 74091-8526,01285-947,734
Christopher Howell,560.789.423-10,(83) 58769-2014,40371-289,567
Melinda Jordan,934.568.127-28,(83) 34529-6870,27536-481,7913
Mitchell Santos,587.193.204-50,(47) 80374-2651,87293-416,840
Michael Henderson,961.257.384-00,(30) 34087-5621,64053-219,2680
Gerald Perkins,123.689.704-87,(89) 90376-8421,20418-536,3207
Michael Jensen,539.641.728-55,(18) 49265-3087,54698-073,025
Dawn Payne,380.795.412-05,(97) 58067-1439,01986-537,6248
Christopher Gilbert,072.936.184-50,(72) 59084-2173,80921-675,2438
Christopher Frank,295.486.073-10,(66) 41385-2079,02876-945,8590
Brandon Snow,056.834.792-74,(53) 90643-7851,42598-713,509
John Johnson,542.089.617-67,(98) 39580-6742,54708-621,2561
Hayley Bates,240.653.189-98,(54) 90246-7183,56740-891,3621
Kathryn Kaufman,925.384.076-56,(50) 21780-9453,79481-260,452
Danielle Watson,764.981.502-11,(96) 21349-0876,40512-368,0351
Jennifer Lara,534.278.190-60,(98) 16703-4598,40163-987,062
Nicole Wiggins,358.726.091-59,(33) 59761-0342,36728-940,620
Sarah Nielsen,460.798.523-65,(85) 65104-8739,28573-961,740
Dalton Johnson,960.431.258-89,(95) 20384-6591,38542-096,12
Matthew Gonzalez,624.793.085-29,(30) 50984-7123,79235-418,2169
Mark Wolfe,307.862.154-53,(51) 09165-3278,91648-235,60
David Lozano,058.196.247-85,(74) 83206-5147,95061-378,4872
Daniel Smith,962.038.451-24,(26) 90582-1476,34251-869,8095
Jonathan Carter,790.286.314-96,(96) 34021-7856,82690-431,8679
Paula Scott,894.730.561-84,(33) 54980-1673,57910-342,6903
Benjamin Thomas,928.107.536-95,(66) 43180-6259,79560-142,072
Jessica Young,270.394.618-03,(24) 61842-3097,48605-713,2460
Jennifer Johnson,640.571.982-02,(49) 68013-2594,03189-256,730
Jeffrey Parker,073.849.156-00,(96) 06928-4715,52601-783,9384
Sharon King,369.147.582-55,(46) 82519-7046,98471-025,6947
Amanda Freeman,806.925.734-29,(20) 68931-4752,89736-451,7142
Lindsay Grimes,420.637.591-70,(93) 35240-7189,46827-139,8460
Alexis Gregory,086.391.257-59,(14) 85301-7962,80957-463,4790
Daniel Mclaughlin,140.687.592-94,(15) 65402-7813,45163-827,127
Robert Torres,869.154.027-30,(63) 54806-1973,91450-273,471
Tommy Taylor,357.846.029-00,(43) 01576-2983,67950-143,9768
Phillip Ortega,859.103.672-77,(11) 14508-2396,36549-720,6480
Samuel Turner,561.978.034-10,(24) 52983-6174,09284-563,8674
Amy Peterson,345.278.916-00,(84) 24680-7391,70489-523,6357
Edward Ashley,456.913.780-66,(24) 72514-9380,50948-127,013
Cynthia Smith,576.381.049-00,(71) 24538-7169,95173-842,063
Nicholas Colon,968.124.537-73,(48) 06593-2147,52340-971,0264
Donna Mercer,531.807.642-44,(69) 69504-3718,98125-076,2179
Joshua Merritt,386.415.097-39,(68) 98643-7105,37210-968,0627
Krystal Rodriguez,095.427.836-47,(30) 72195-4086,08412-637,934
Chad Sanchez,937.468.251-64,(22) 84672-1950,48302-756,726
Margaret Collins,376.825.091-12,(35) 62074-5183,02863-954,36
Kevin White,819.374.526-46,(61) 13905-8274,28501-736,01
Jeremy Sanchez,179.503.642-70,(15) 57486-3219,63042-795,3068
Christopher Williams,810.527.694-11,(80) 89712-5306,18254-670,8934
Scott Gomez,284.307.561-08,(41) 12986-0357,40581-297,9164
Joseph Bullock,543.061.978-75,(85) 61908-7235,84735-910,258
Kyle Wise,738.291.564-64,(81) 59310-2674,67902-851,14
Ashley Reed,867.043.295-10,(97) 42183-7590,60285-394,153
Jose Cross,607.918.342-04,(51) 76085-9214,91035-274,304
Joshua Davis,318.026.749-69,(23) 30761-8549,26597-348,2374
Michelle Johnson,140.837.692-03,(26) 04875-2361,34760-519,071
Michelle Mitchell,531.497.628-55,(75) 28579-4306,21908-634,0849
Maria Calderon,459.032.816-05,(80) 59348-2607,18906-275,7934
Jennifer Horn,283.956.401-70,(20) 85306-7491,83520-947,7624
Gerald Wilson,843.092.756-56,(99) 86274-1039,31702-845,621
Elizabeth Sanchez,619.734.582-09,(25) 59681-3274,15928-647,9156
Lisa Sparks,970.816.325-21,(65) 42901-6835,24309-517,2018
Michelle Williams,654.371.092-61,(97) 18976-3405,58734-962,2419
Kara Young,387.256.910-40,(51) 61852-0497,54836-719,9431
Gina Hall,274.156.093-52,(31) 76380-2195,89026-175,5160
Thomas Romero,421.605.397-16,(62) 60379-1542,49136-087,62
Noah Davis,796.805.321-86,(86) 41705-6389,53048-712,082
Jocelyn Evans,953.642.801-60,(31) 13687-0429,75381-406,8726
Justin Bean,352.968.410-42,(22) 96324-7150,08431-652,930
Michael Miller,530.418.296-06,(58) 79104-6582,96238-107,8195
Susan Branch,629.457.308-47,(33) 78561-3092,52398-067,3426
Thomas Patrick,834.915.267-28,(33) 84650-2379,23689-074,7546
Anna Green,357.086.492-83,(76) 56429-0817,13982-570,4256
Tammy Myers,120.936.587-12,(15) 45978-6210,90462-317,0495
Bobby Anderson,451.968.032-89,(85) 20569-1837,41796-052,517
Jillian Cole,156.948.027-30,(59) 57064-3218,49037-168,1967
Justin Johnson,914.273.860-13,(66) 34697-5120,45283-179,70
Michael Boyd,493.658.102-05,(22) 02185-4396,50431-297,9854
Holly Aguilar,210.564.938-60,(24) 49562-3701,89410-357,2807
Barry Foster,859.704.162-58,(35) 54397-0612,79153-628,20
